Invoice ID,Product Name,Category,Quantity,Price,Payment Method,Order Date,Customer City,Refunded
INV0000,Shirt,Home,3,48105,COD,1/1/2023,Islamabad,0
INV0001,Book,Beauty,4,40580,Card,1/2/2023,Karachi,0
INV0002,Book,Electronics,1,38588,JazzCash,1/3/2023,Lahore,0
INV0003,Phone,Clothing,3,13716,Easypaisa,1/4/2023,Karachi,0
INV0004,Sofa,Home,3,36047,Easypaisa,1/5/2023,Rawalpindi,0
INV0005,Cream,Electronics,4,31971,JazzCash,1/6/2023,Lahore,0
INV0006,Sofa,Electronics,1,17808,Easypaisa,1/7/2023,Faisalabad,0
INV0007,Book,Books,1,28032,Card,1/8/2023,Rawalpindi,0
INV0008,Shirt,Clothing,3,34849,Easypaisa,1/9/2023,Islamabad,0
INV0009,Cream,Electronics,2,45945,Card,1/10/2023,Lahore,0
INV0010,Shirt,Electronics,3,6213,JazzCash,1/11/2023,Faisalabad,0
INV0011,Phone,Electronics,3,49907,Card,1/12/2023,Lahore,0
INV0012,Shirt,Clothing,3,5304,Easypaisa,1/13/2023,Rawalpindi,0
INV0013,Book,Clothing,3,10636,JazzCash,1/14/2023,Lahore,0
INV0014,Book,Clothing,4,509,COD,1/15/2023,Faisalabad,0
INV0015,Sofa,Electronics,1,19755,JazzCash,1/16/2023,Rawalpindi,1
INV0016,Sofa,Electronics,4,24293,Card,1/17/2023,Islamabad,0
INV0017,Book,Electronics,4,30048,COD,1/18/2023,Rawalpindi,0
INV0018,Shirt,Beauty,4,38392,Card,1/19/2023,Rawalpindi,0
INV0019,Cream,Books,3,1515,JazzCash,1/20/2023,Karachi,0
INV0020,Sofa,Beauty,2,28212,Easypaisa,1/21/2023,Faisalabad,0
INV0021,Sofa,Home,1,35461,JazzCash,1/22/2023,Karachi,0
INV0022,Cream,Books,2,8915,Easypaisa,1/23/2023,Faisalabad,1
INV0023,Cream,Home,4,46818,Card,1/24/2023,Faisalabad,1
INV0024,Book,Electronics,4,47780,Easypaisa,1/25/2023,Rawalpindi,0
INV0025,Book,Electronics,2,24333,Easypaisa,1/26/2023,Islamabad,0
INV0026,Shirt,Electronics,2,4658,JazzCash,1/27/2023,Islamabad,0
INV0027,Shirt,Clothing,2,20809,JazzCash,1/28/2023,Rawalpindi,0
INV0028,Book,Clothing,4,7470,JazzCash,1/29/2023,Karachi,0
INV0029,Cream,Beauty,4,7438,JazzCash,1/30/2023,Islamabad,0
INV0030,Cream,Electronics,1,21668,Easypaisa,1/31/2023,Faisalabad,0
INV0031,Phone,Electronics,1,47040,Easypaisa,2/1/2023,Rawalpindi,0
INV0032,Sofa,Home,4,20884,COD,2/2/2023,Lahore,0
INV0033,Shirt,Beauty,2,18517,Card,2/3/2023,Islamabad,0
INV0034,Phone,Home,2,10844,Card,2/4/2023,Rawalpindi,0
INV0035,Phone,Home,1,40534,COD,2/5/2023,Lahore,0
INV0036,Cream,Clothing,4,9202,Easypaisa,2/6/2023,Rawalpindi,0
INV0037,Phone,Beauty,1,884,COD,2/7/2023,Faisalabad,1
INV0038,Shirt,Electronics,1,904,Card,2/8/2023,Karachi,0
INV0039,Book,Beauty,3,41443,Easypaisa,2/9/2023,Rawalpindi,1
INV0040,Sofa,Books,3,48426,JazzCash,2/10/2023,Lahore,0
INV0041,Book,Beauty,3,29689,JazzCash,2/11/2023,Karachi,0
INV0042,Book,Beauty,2,13263,JazzCash,2/12/2023,Islamabad,0
INV0043,Book,Electronics,4,18884,Card,2/13/2023,Islamabad,0
INV0044,Book,Home,4,33106,Card,2/14/2023,Rawalpindi,0
INV0045,Cream,Electronics,4,10360,Easypaisa,2/15/2023,Rawalpindi,0
INV0046,Shirt,Books,4,39257,COD,2/16/2023,Lahore,0
INV0047,Book,Beauty,3,15606,Card,2/17/2023,Karachi,1
INV0048,Sofa,Books,2,24074,Card,2/18/2023,Lahore,1
INV0049,Sofa,Beauty,2,24024,JazzCash,2/19/2023,Islamabad,0
INV0050,Phone,Clothing,3,4136,Easypaisa,2/20/2023,Islamabad,0
INV0051,Cream,Beauty,2,11416,JazzCash,2/21/2023,Karachi,1
INV0052,Shirt,Beauty,3,5309,Easypaisa,2/22/2023,Rawalpindi,1
INV0053,Phone,Books,4,32701,JazzCash,2/23/2023,Lahore,1
INV0054,Phone,Beauty,3,13956,COD,2/24/2023,Faisalabad,0
INV0055,Book,Electronics,4,48712,JazzCash,2/25/2023,Karachi,0
INV0056,Cream,Books,4,39265,Easypaisa,2/26/2023,Rawalpindi,0
INV0057,Cream,Books,1,35316,COD,2/27/2023,Faisalabad,0
INV0058,Shirt,Home,3,45606,JazzCash,2/28/2023,Faisalabad,0
INV0059,Sofa,Books,1,17600,Card,3/1/2023,Karachi,0
INV0060,Cream,Clothing,3,22449,Easypaisa,3/2/2023,Islamabad,0
INV0061,Cream,Home,3,5044,COD,3/3/2023,Faisalabad,1
INV0062,Cream,Electronics,1,38244,Easypaisa,3/4/2023,Rawalpindi,0
INV0063,Shirt,Beauty,1,46043,Card,3/5/2023,Islamabad,0
INV0064,Phone,Clothing,3,43283,COD,3/6/2023,Rawalpindi,0
INV0065,Shirt,Home,2,27157,Easypaisa,3/7/2023,Karachi,0
INV0066,Sofa,Books,4,36687,COD,3/8/2023,Rawalpindi,0
INV0067,Phone,Electronics,1,47698,JazzCash,3/9/2023,Lahore,0
INV0068,Sofa,Beauty,4,7739,Easypaisa,3/10/2023,Karachi,0
INV0069,Sofa,Beauty,2,14989,COD,3/11/2023,Islamabad,0
INV0070,Book,Books,2,49901,JazzCash,3/12/2023,Rawalpindi,0
INV0071,Sofa,Home,2,43625,JazzCash,3/13/2023,Karachi,0
INV0072,Phone,Clothing,1,29038,COD,3/14/2023,Lahore,0
INV0073,Phone,Beauty,2,32549,JazzCash,3/15/2023,Rawalpindi,0
INV0074,Shirt,Electronics,1,37631,JazzCash,3/16/2023,Islamabad,0
INV0075,Shirt,Beauty,2,43444,Easypaisa,3/17/2023,Lahore,1
INV0076,Shirt,Books,4,8927,JazzCash,3/18/2023,Lahore,1
INV0077,Book,Books,4,41848,JazzCash,3/19/2023,Islamabad,0
INV0078,Phone,Home,3,24785,Easypaisa,3/20/2023,Islamabad,0
INV0079,Book,Books,4,38126,JazzCash,3/21/2023,Lahore,0
INV0080,Shirt,Books,3,43308,Card,3/22/2023,Islamabad,0
INV0081,Sofa,Home,4,23428,JazzCash,3/23/2023,Islamabad,0
INV0082,Shirt,Books,1,19698,COD,3/24/2023,Faisalabad,0
INV0083,Cream,Books,4,20258,Easypaisa,3/25/2023,Islamabad,0
INV0084,Cream,Electronics,3,15754,JazzCash,3/26/2023,Lahore,0
INV0085,Sofa,Beauty,3,44738,Card,3/27/2023,Faisalabad,0
INV0086,Sofa,Clothing,2,1752,Easypaisa,3/28/2023,Rawalpindi,0
INV0087,Shirt,Home,1,40264,Easypaisa,3/29/2023,Islamabad,0
INV0088,Sofa,Beauty,4,12673,Easypaisa,3/30/2023,Lahore,0
INV0089,Book,Home,2,37941,COD,3/31/2023,Lahore,0
INV0090,Cream,Beauty,4,27198,Card,4/1/2023,Lahore,1
INV0091,Book,Books,4,16281,JazzCash,4/2/2023,Lahore,0
INV0092,Shirt,Home,2,13551,COD,4/3/2023,Islamabad,0
INV0093,Phone,Beauty,2,40149,JazzCash,4/4/2023,Karachi,0
INV0094,Book,Beauty,2,7449,Easypaisa,4/5/2023,Rawalpindi,0
INV0095,Shirt,Books,2,42789,Easypaisa,4/6/2023,Faisalabad,1
INV0096,Sofa,Books,2,8517,COD,4/7/2023,Rawalpindi,0
INV0097,Shirt,Clothing,4,7441,Easypaisa,4/8/2023,Faisalabad,0
INV0098,Sofa,Clothing,2,26434,JazzCash,4/9/2023,Lahore,0
INV0099,Book,Clothing,1,23886,Card,4/10/2023,Rawalpindi,1
INV0100,Phone,Home,3,10709,COD,4/11/2023,Karachi,1
INV0101,Cream,Beauty,2,18215,JazzCash,4/12/2023,Lahore,0
INV0102,Sofa,Home,2,29420,Card,4/13/2023,Islamabad,0
INV0103,Phone,Clothing,4,32203,Card,4/14/2023,Karachi,0
INV0104,Shirt,Clothing,2,42818,JazzCash,4/15/2023,Rawalpindi,0
INV0105,Sofa,Clothing,2,5137,Card,4/16/2023,Rawalpindi,0
INV0106,Book,Clothing,2,5354,JazzCash,4/17/2023,Islamabad,0
INV0107,Book,Home,4,43588,Card,4/18/2023,Islamabad,0
INV0108,Book,Books,2,38160,Easypaisa,4/19/2023,Faisalabad,0
INV0109,Cream,Home,3,40311,COD,4/20/2023,Islamabad,0
INV0110,Cream,Electronics,4,49789,Easypaisa,4/21/2023,Faisalabad,0
INV0111,Phone,Beauty,3,20356,Easypaisa,4/22/2023,Faisalabad,1
INV0112,Book,Electronics,4,22333,JazzCash,4/23/2023,Faisalabad,0
INV0113,Cream,Books,2,20463,Easypaisa,4/24/2023,Karachi,0
INV0114,Cream,Home,3,37432,COD,4/25/2023,Rawalpindi,1
INV0115,Book,Electronics,4,27669,COD,4/26/2023,Lahore,0
INV0116,Book,Home,1,8441,JazzCash,4/27/2023,Rawalpindi,0
INV0117,Book,Home,2,14888,JazzCash,4/28/2023,Faisalabad,0
INV0118,Book,Clothing,4,6069,Easypaisa,4/29/2023,Islamabad,0
INV0119,Shirt,Books,1,4800,Easypaisa,4/30/2023,Rawalpindi,1
INV0120,Cream,Books,4,39537,Card,5/1/2023,Rawalpindi,0
INV0121,Cream,Beauty,1,37086,JazzCash,5/2/2023,Faisalabad,0
INV0122,Book,Home,2,12515,COD,5/3/2023,Karachi,0
INV0123,Phone,Clothing,3,45502,COD,5/4/2023,Rawalpindi,0
INV0124,Sofa,Home,1,6754,Card,5/5/2023,Lahore,0
INV0125,Book,Clothing,4,17644,JazzCash,5/6/2023,Islamabad,1
INV0126,Book,Home,2,24714,Easypaisa,5/7/2023,Faisalabad,0
INV0127,Book,Clothing,1,40618,Card,5/8/2023,Rawalpindi,1
INV0128,Cream,Beauty,4,15683,JazzCash,5/9/2023,Rawalpindi,0
INV0129,Book,Home,4,6738,Card,5/10/2023,Islamabad,0
INV0130,Book,Electronics,4,6590,JazzCash,5/11/2023,Rawalpindi,0
INV0131,Sofa,Books,1,12137,COD,5/12/2023,Faisalabad,0
INV0132,Phone,Beauty,1,22915,Card,5/13/2023,Faisalabad,1
INV0133,Sofa,Electronics,1,24571,COD,5/14/2023,Islamabad,1
INV0134,Book,Home,3,45915,Easypaisa,5/15/2023,Karachi,0
INV0135,Cream,Books,1,43179,JazzCash,5/16/2023,Islamabad,0
INV0136,Shirt,Clothing,1,41740,Easypaisa,5/17/2023,Karachi,0
INV0137,Phone,Electronics,1,18771,JazzCash,5/18/2023,Rawalpindi,0
INV0138,Shirt,Beauty,3,36534,JazzCash,5/19/2023,Karachi,0
INV0139,Book,Home,1,33934,Card,5/20/2023,Karachi,0
INV0140,Shirt,Clothing,4,4688,JazzCash,5/21/2023,Rawalpindi,0
INV0141,Cream,Books,1,10661,Easypaisa,5/22/2023,Islamabad,0
INV0142,Phone,Clothing,4,29232,COD,5/23/2023,Karachi,0
INV0143,Phone,Books,4,11814,COD,5/24/2023,Karachi,0
INV0144,Cream,Beauty,4,24454,Card,5/25/2023,Islamabad,0
INV0145,Shirt,Beauty,3,22008,Easypaisa,5/26/2023,Rawalpindi,0
INV0146,Book,Electronics,3,22469,COD,5/27/2023,Islamabad,0
INV0147,Book,Clothing,3,46159,Card,5/28/2023,Islamabad,0
INV0148,Shirt,Electronics,1,38045,Easypaisa,5/29/2023,Islamabad,0
INV0149,Sofa,Beauty,4,37168,COD,5/30/2023,Rawalpindi,0
INV0150,Cream,Clothing,3,23561,Easypaisa,5/31/2023,Karachi,0
INV0151,Cream,Clothing,3,14216,Card,6/1/2023,Karachi,0
INV0152,Shirt,Books,1,40249,COD,6/2/2023,Karachi,0
INV0153,Sofa,Clothing,3,39644,JazzCash,6/3/2023,Rawalpindi,0
INV0154,Cream,Electronics,1,17407,JazzCash,6/4/2023,Lahore,1
INV0155,Sofa,Home,2,19277,Card,6/5/2023,Rawalpindi,0
INV0156,Book,Electronics,3,28193,Easypaisa,6/6/2023,Islamabad,0
INV0157,Cream,Clothing,2,43428,Card,6/7/2023,Rawalpindi,0
INV0158,Cream,Beauty,1,26829,Card,6/8/2023,Lahore,0
INV0159,Shirt,Beauty,4,47392,Card,6/9/2023,Rawalpindi,0
INV0160,Phone,Beauty,3,16782,JazzCash,6/10/2023,Islamabad,0
INV0161,Book,Home,1,24124,JazzCash,6/11/2023,Rawalpindi,0
INV0162,Book,Home,4,23821,COD,6/12/2023,Rawalpindi,0
INV0163,Cream,Clothing,4,10988,JazzCash,6/13/2023,Karachi,0
INV0164,Sofa,Books,2,23074,Card,6/14/2023,Rawalpindi,0
INV0165,Sofa,Beauty,1,5740,Card,6/15/2023,Islamabad,0
INV0166,Shirt,Clothing,4,43721,Easypaisa,6/16/2023,Faisalabad,0
INV0167,Cream,Home,3,10978,JazzCash,6/17/2023,Lahore,0
INV0168,Sofa,Beauty,3,45662,Easypaisa,6/18/2023,Lahore,0
INV0169,Shirt,Home,2,19762,COD,6/19/2023,Islamabad,0
INV0170,Sofa,Home,4,4932,JazzCash,6/20/2023,Islamabad,1
INV0171,Sofa,Books,1,30221,Card,6/21/2023,Faisalabad,0
INV0172,Sofa,Electronics,3,14068,Card,6/22/2023,Faisalabad,0
INV0173,Book,Books,4,14678,COD,6/23/2023,Rawalpindi,0
INV0174,Sofa,Clothing,4,22695,Easypaisa,6/24/2023,Lahore,0
INV0175,Cream,Electronics,2,802,Card,6/25/2023,Islamabad,0
INV0176,Phone,Beauty,3,17522,COD,6/26/2023,Rawalpindi,0
INV0177,Phone,Home,3,555,JazzCash,6/27/2023,Lahore,0
INV0178,Cream,Beauty,1,46281,JazzCash,6/28/2023,Karachi,0
INV0179,Sofa,Home,3,9217,JazzCash,6/29/2023,Karachi,0
INV0180,Shirt,Home,1,29199,Easypaisa,6/30/2023,Rawalpindi,0
INV0181,Phone,Beauty,3,8650,Easypaisa,7/1/2023,Faisalabad,0
INV0182,Book,Clothing,2,2625,Easypaisa,7/2/2023,Islamabad,0
INV0183,Shirt,Home,3,44747,Card,7/3/2023,Islamabad,0
INV0184,Sofa,Books,1,49013,JazzCash,7/4/2023,Faisalabad,0
INV0185,Shirt,Books,1,17248,Card,7/5/2023,Faisalabad,0
INV0186,Book,Beauty,2,40077,Easypaisa,7/6/2023,Islamabad,1
INV0187,Shirt,Electronics,3,5121,Easypaisa,7/7/2023,Karachi,0
INV0188,Book,Electronics,3,15534,COD,7/8/2023,Faisalabad,0
INV0189,Book,Electronics,2,46891,JazzCash,7/9/2023,Rawalpindi,0
INV0190,Sofa,Electronics,3,5626,Card,7/10/2023,Karachi,0
INV0191,Phone,Books,3,5622,Easypaisa,7/11/2023,Faisalabad,0
INV0192,Phone,Beauty,1,18530,JazzCash,7/12/2023,Lahore,0
INV0193,Phone,Beauty,3,17802,COD,7/13/2023,Faisalabad,0
INV0194,Sofa,Beauty,3,19681,Easypaisa,7/14/2023,Karachi,0
INV0195,Sofa,Electronics,2,39138,Card,7/15/2023,Rawalpindi,0
INV0196,Sofa,Beauty,2,2031,Easypaisa,7/16/2023,Rawalpindi,0
INV0197,Cream,Home,4,41440,Easypaisa,7/17/2023,Lahore,0
INV0198,Sofa,Electronics,1,40941,Easypaisa,7/18/2023,Faisalabad,0
INV0199,Shirt,Electronics,3,23833,Card,7/19/2023,Lahore,0
INV0200,Sofa,Electronics,3,40150,COD,7/20/2023,Faisalabad,0
INV0201,Sofa,Clothing,4,35174,Card,7/21/2023,Islamabad,0
INV0202,Shirt,Home,3,36354,Easypaisa,7/22/2023,Karachi,0
INV0203,Cream,Beauty,1,46771,COD,7/23/2023,Karachi,0
INV0204,Sofa,Home,4,8652,Card,7/24/2023,Lahore,0
INV0205,Sofa,Books,1,39018,Easypaisa,7/25/2023,Lahore,0
INV0206,Phone,Home,4,46040,Card,7/26/2023,Faisalabad,0
INV0207,Cream,Books,4,10767,Card,7/27/2023,Islamabad,0
INV0208,Sofa,Books,2,25789,COD,7/28/2023,Islamabad,0
INV0209,Sofa,Beauty,1,1562,Easypaisa,7/29/2023,Islamabad,0
INV0210,Phone,Electronics,3,30426,Easypaisa,7/30/2023,Karachi,0
INV0211,Cream,Electronics,3,6729,Card,7/31/2023,Islamabad,1
INV0212,Phone,Home,1,49777,JazzCash,8/1/2023,Lahore,0
INV0213,Book,Books,3,48415,Easypaisa,8/2/2023,Rawalpindi,0
INV0214,Cream,Beauty,3,5132,COD,8/3/2023,Lahore,0
INV0215,Book,Clothing,1,39556,JazzCash,8/4/2023,Faisalabad,0
INV0216,Phone,Clothing,4,4096,JazzCash,8/5/2023,Lahore,0
INV0217,Shirt,Electronics,1,44743,Card,8/6/2023,Karachi,0
INV0218,Book,Home,4,6668,Card,8/7/2023,Faisalabad,1
INV0219,Shirt,Electronics,3,43063,JazzCash,8/8/2023,Lahore,0
INV0220,Cream,Home,3,8061,COD,8/9/2023,Karachi,0
INV0221,Phone,Beauty,3,8758,JazzCash,8/10/2023,Islamabad,0
INV0222,Shirt,Electronics,2,17116,COD,8/11/2023,Faisalabad,0
INV0223,Book,Books,4,27234,Card,8/12/2023,Karachi,0
INV0224,Sofa,Clothing,2,6871,Easypaisa,8/13/2023,Karachi,0
INV0225,Book,Beauty,2,26569,COD,8/14/2023,Faisalabad,0
INV0226,Shirt,Clothing,1,14869,Easypaisa,8/15/2023,Lahore,1
INV0227,Cream,Beauty,2,13410,JazzCash,8/16/2023,Islamabad,0
INV0228,Phone,Beauty,1,8443,Card,8/17/2023,Faisalabad,0
INV0229,Book,Clothing,1,12699,COD,8/18/2023,Faisalabad,0
INV0230,Cream,Home,2,16228,Easypaisa,8/19/2023,Islamabad,0
INV0231,Shirt,Beauty,4,23775,COD,8/20/2023,Faisalabad,0
INV0232,Phone,Electronics,4,7238,COD,8/21/2023,Karachi,0
INV0233,Shirt,Clothing,4,16413,JazzCash,8/22/2023,Faisalabad,0
INV0234,Cream,Home,4,35740,JazzCash,8/23/2023,Rawalpindi,0
INV0235,Shirt,Home,4,19623,Card,8/24/2023,Rawalpindi,0
INV0236,Cream,Beauty,2,48947,Card,8/25/2023,Faisalabad,1
INV0237,Cream,Home,2,35029,COD,8/26/2023,Rawalpindi,0
INV0238,Cream,Books,3,10667,COD,8/27/2023,Islamabad,0
INV0239,Cream,Clothing,4,11054,Card,8/28/2023,Faisalabad,0
INV0240,Shirt,Electronics,2,17760,Easypaisa,8/29/2023,Rawalpindi,1
INV0241,Cream,Electronics,3,47545,COD,8/30/2023,Lahore,0
INV0242,Book,Beauty,4,4312,COD,8/31/2023,Rawalpindi,0
INV0243,Shirt,Beauty,1,28524,Easypaisa,9/1/2023,Lahore,0
INV0244,Sofa,Beauty,3,27785,Easypaisa,9/2/2023,Faisalabad,0
INV0245,Shirt,Books,2,27400,Card,9/3/2023,Faisalabad,0
INV0246,Book,Home,1,2105,JazzCash,9/4/2023,Faisalabad,0
INV0247,Phone,Books,1,6122,Card,9/5/2023,Rawalpindi,0
INV0248,Book,Beauty,1,7267,COD,9/6/2023,Rawalpindi,0
INV0249,Sofa,Electronics,3,27639,JazzCash,9/7/2023,Faisalabad,0
INV0250,Book,Books,2,12113,COD,9/8/2023,Rawalpindi,0
INV0251,Shirt,Beauty,1,11089,COD,9/9/2023,Rawalpindi,0
INV0252,Book,Books,4,14418,Card,9/10/2023,Rawalpindi,0
INV0253,Phone,Home,1,20619,Card,9/11/2023,Rawalpindi,0
INV0254,Sofa,Books,1,27946,JazzCash,9/12/2023,Faisalabad,0
INV0255,Shirt,Electronics,3,13546,COD,9/13/2023,Faisalabad,0
INV0256,Sofa,Books,3,25318,JazzCash,9/14/2023,Karachi,1
INV0257,Sofa,Home,2,35858,Card,9/15/2023,Faisalabad,0
INV0258,Book,Home,4,4824,JazzCash,9/16/2023,Faisalabad,0
INV0259,Cream,Home,3,11287,Easypaisa,9/17/2023,Karachi,0
INV0260,Shirt,Beauty,1,9611,Card,9/18/2023,Rawalpindi,0
INV0261,Cream,Home,2,38610,Easypaisa,9/19/2023,Rawalpindi,0
INV0262,Sofa,Electronics,1,16889,Card,9/20/2023,Faisalabad,0
INV0263,Sofa,Clothing,1,41927,COD,9/21/2023,Faisalabad,0
INV0264,Sofa,Clothing,3,14543,JazzCash,9/22/2023,Lahore,0
INV0265,Book,Clothing,2,29246,Easypaisa,9/23/2023,Faisalabad,1
INV0266,Sofa,Electronics,4,22850,Card,9/24/2023,Islamabad,0
INV0267,Shirt,Clothing,4,42105,Easypaisa,9/25/2023,Rawalpindi,0
INV0268,Cream,Clothing,3,617,Easypaisa,9/26/2023,Rawalpindi,0
INV0269,Shirt,Books,3,47185,COD,9/27/2023,Rawalpindi,0
INV0270,Phone,Electronics,2,19435,JazzCash,9/28/2023,Faisalabad,0
INV0271,Shirt,Beauty,4,47577,COD,9/29/2023,Lahore,0
INV0272,Book,Beauty,4,13734,Easypaisa,9/30/2023,Islamabad,1
INV0273,Sofa,Electronics,4,38828,Card,10/1/2023,Karachi,0
INV0274,Cream,Electronics,1,1346,COD,10/2/2023,Rawalpindi,0
INV0275,Cream,Home,4,11454,Easypaisa,10/3/2023,Karachi,1
INV0276,Sofa,Electronics,1,14203,Card,10/4/2023,Islamabad,0
INV0277,Book,Beauty,2,48653,Card,10/5/2023,Lahore,0
INV0278,Sofa,Home,1,47014,JazzCash,10/6/2023,Lahore,0
INV0279,Cream,Beauty,2,23200,JazzCash,10/7/2023,Rawalpindi,0
INV0280,Phone,Books,4,32543,JazzCash,10/8/2023,Karachi,1
INV0281,Shirt,Beauty,4,6969,COD,10/9/2023,Islamabad,0
INV0282,Book,Books,2,30605,Card,10/10/2023,Faisalabad,0
INV0283,Shirt,Beauty,3,42601,Card,10/11/2023,Faisalabad,0
INV0284,Cream,Home,2,26886,Easypaisa,10/12/2023,Islamabad,1
INV0285,Sofa,Books,3,49876,Easypaisa,10/13/2023,Lahore,0
INV0286,Sofa,Clothing,1,46087,COD,10/14/2023,Faisalabad,1
INV0287,Phone,Home,1,37476,Easypaisa,10/15/2023,Rawalpindi,0
INV0288,Phone,Clothing,1,39551,Card,10/16/2023,Rawalpindi,0
INV0289,Phone,Clothing,4,2548,JazzCash,10/17/2023,Islamabad,0
INV0290,Cream,Beauty,1,39501,Card,10/18/2023,Lahore,0
INV0291,Phone,Clothing,3,13441,Easypaisa,10/19/2023,Rawalpindi,0
INV0292,Sofa,Electronics,1,45875,JazzCash,10/20/2023,Karachi,0
INV0293,Phone,Books,2,43033,COD,10/21/2023,Islamabad,0
INV0294,Cream,Electronics,2,2328,JazzCash,10/22/2023,Lahore,1
INV0295,Phone,Books,4,2417,JazzCash,10/23/2023,Karachi,1
INV0296,Book,Beauty,2,21118,Easypaisa,10/24/2023,Lahore,0
INV0297,Shirt,Beauty,3,32754,Easypaisa,10/25/2023,Islamabad,0
INV0298,Book,Clothing,1,40256,COD,10/26/2023,Karachi,0
INV0299,Sofa,Home,4,47862,Card,10/27/2023,Faisalabad,0
INV0300,Sofa,Clothing,1,20628,Easypaisa,10/28/2023,Karachi,0
INV0301,Shirt,Home,1,46245,JazzCash,10/29/2023,Rawalpindi,0
INV0302,Shirt,Beauty,3,509,Easypaisa,10/30/2023,Islamabad,1
INV0303,Phone,Clothing,2,17144,JazzCash,10/31/2023,Karachi,0
INV0304,Sofa,Electronics,2,22922,COD,11/1/2023,Rawalpindi,1
INV0305,Sofa,Clothing,1,10365,JazzCash,11/2/2023,Faisalabad,1
INV0306,Cream,Books,4,2719,Card,11/3/2023,Lahore,0
INV0307,Sofa,Clothing,2,40309,Card,11/4/2023,Faisalabad,1
INV0308,Phone,Books,4,5787,COD,11/5/2023,Islamabad,0
INV0309,Book,Beauty,2,34887,Card,11/6/2023,Lahore,0
INV0310,Cream,Beauty,4,9012,COD,11/7/2023,Islamabad,0
INV0311,Sofa,Clothing,3,1842,JazzCash,11/8/2023,Lahore,0
INV0312,Shirt,Electronics,4,43836,Card,11/9/2023,Faisalabad,0
INV0313,Shirt,Home,3,19716,COD,11/10/2023,Faisalabad,0
INV0314,Shirt,Home,3,28034,JazzCash,11/11/2023,Faisalabad,0
INV0315,Phone,Beauty,4,14731,Easypaisa,11/12/2023,Lahore,0
INV0316,Phone,Electronics,3,32793,JazzCash,11/13/2023,Islamabad,0
INV0317,Sofa,Clothing,1,27114,COD,11/14/2023,Rawalpindi,0
INV0318,Shirt,Clothing,3,36758,Easypaisa,11/15/2023,Faisalabad,0
INV0319,Sofa,Beauty,2,28753,COD,11/16/2023,Rawalpindi,0
INV0320,Shirt,Home,4,42578,COD,11/17/2023,Islamabad,0
INV0321,Shirt,Clothing,1,41252,Card,11/18/2023,Karachi,0
INV0322,Book,Home,4,18488,COD,11/19/2023,Karachi,0
INV0323,Book,Books,2,31537,Easypaisa,11/20/2023,Karachi,0
INV0324,Phone,Home,2,12719,Card,11/21/2023,Rawalpindi,0
INV0325,Cream,Electronics,2,735,COD,11/22/2023,Rawalpindi,0
INV0326,Cream,Electronics,3,43429,COD,11/23/2023,Lahore,0
INV0327,Shirt,Clothing,3,2408,COD,11/24/2023,Faisalabad,1
INV0328,Sofa,Books,4,9067,JazzCash,11/25/2023,Lahore,0
INV0329,Phone,Books,4,36798,Easypaisa,11/26/2023,Faisalabad,1
INV0330,Phone,Clothing,1,5756,Card,11/27/2023,Faisalabad,0
INV0331,Cream,Home,1,19519,COD,11/28/2023,Lahore,0
INV0332,Cream,Beauty,4,8662,Card,11/29/2023,Rawalpindi,0
INV0333,Phone,Electronics,3,5915,COD,11/30/2023,Islamabad,0
INV0334,Sofa,Beauty,2,36659,Card,12/1/2023,Rawalpindi,0
INV0335,Book,Home,4,44425,Easypaisa,12/2/2023,Rawalpindi,0
INV0336,Cream,Electronics,1,6451,Easypaisa,12/3/2023,Karachi,0
INV0337,Shirt,Home,3,22352,Card,12/4/2023,Karachi,0
INV0338,Shirt,Home,4,8507,COD,12/5/2023,Islamabad,0
INV0339,Cream,Electronics,4,42332,Card,12/6/2023,Lahore,0
INV0340,Sofa,Books,3,31023,Card,12/7/2023,Islamabad,0
INV0341,Sofa,Electronics,4,23825,Easypaisa,12/8/2023,Rawalpindi,0
INV0342,Phone,Home,3,21704,Card,12/9/2023,Islamabad,0
INV0343,Phone,Books,2,16024,Card,12/10/2023,Lahore,1
INV0344,Sofa,Books,3,19782,COD,12/11/2023,Karachi,0
INV0345,Sofa,Electronics,3,24430,JazzCash,12/12/2023,Rawalpindi,1
INV0346,Cream,Books,3,577,Card,12/13/2023,Islamabad,0
INV0347,Cream,Books,4,40845,Easypaisa,12/14/2023,Lahore,0
INV0348,Shirt,Books,4,21111,Card,12/15/2023,Islamabad,0
INV0349,Book,Beauty,3,17484,COD,12/16/2023,Lahore,0
INV0350,Sofa,Beauty,4,14560,Card,12/17/2023,Faisalabad,0
INV0351,Sofa,Clothing,1,17949,JazzCash,12/18/2023,Lahore,0
INV0352,Sofa,Books,1,19020,JazzCash,12/19/2023,Rawalpindi,0
INV0353,Shirt,Books,4,43803,JazzCash,12/20/2023,Karachi,0
INV0354,Phone,Electronics,4,10010,Card,12/21/2023,Rawalpindi,0
INV0355,Book,Books,3,29787,COD,12/22/2023,Faisalabad,1
INV0356,Phone,Electronics,2,28673,JazzCash,12/23/2023,Islamabad,0
INV0357,Phone,Books,4,40211,COD,12/24/2023,Faisalabad,0
INV0358,Shirt,Electronics,1,12454,Easypaisa,12/25/2023,Faisalabad,0
INV0359,Book,Home,3,8304,JazzCash,12/26/2023,Rawalpindi,0
INV0360,Cream,Home,4,7065,Card,12/27/2023,Faisalabad,0
INV0361,Sofa,Books,1,6484,Card,12/28/2023,Lahore,1
INV0362,Phone,Electronics,1,22026,Card,12/29/2023,Lahore,0
INV0363,Cream,Clothing,2,37938,JazzCash,12/30/2023,Lahore,0
INV0364,Phone,Books,3,19074,JazzCash,12/31/2023,Karachi,0
INV0365,Sofa,Home,3,9684,Easypaisa,1/1/2024,Karachi,1
INV0366,Cream,Electronics,2,19596,COD,1/2/2024,Karachi,0
INV0367,Sofa,Electronics,2,2692,COD,1/3/2024,Karachi,0
INV0368,Book,Books,3,34516,Easypaisa,1/4/2024,Karachi,0
INV0369,Book,Beauty,3,11746,Card,1/5/2024,Rawalpindi,0
INV0370,Phone,Clothing,4,46058,Easypaisa,1/6/2024,Lahore,0
INV0371,Book,Clothing,4,18881,Card,1/7/2024,Islamabad,1
INV0372,Cream,Home,2,36955,JazzCash,1/8/2024,Lahore,0
INV0373,Book,Home,4,27227,COD,1/9/2024,Faisalabad,0
INV0374,Phone,Home,1,4518,Easypaisa,1/10/2024,Faisalabad,0
INV0375,Book,Home,4,11802,Card,1/11/2024,Lahore,0
INV0376,Book,Clothing,4,2470,JazzCash,1/12/2024,Rawalpindi,0
INV0377,Phone,Books,1,41657,JazzCash,1/13/2024,Lahore,0
INV0378,Sofa,Electronics,2,27702,Card,1/14/2024,Islamabad,0
INV0379,Phone,Beauty,1,31610,COD,1/15/2024,Karachi,0
INV0380,Book,Home,4,18086,Card,1/16/2024,Karachi,0
INV0381,Phone,Electronics,2,25019,Easypaisa,1/17/2024,Rawalpindi,0
INV0382,Sofa,Beauty,4,31773,JazzCash,1/18/2024,Rawalpindi,0
INV0383,Sofa,Electronics,1,22451,COD,1/19/2024,Islamabad,0
INV0384,Phone,Books,1,15874,COD,1/20/2024,Karachi,0
INV0385,Sofa,Electronics,4,6288,JazzCash,1/21/2024,Lahore,0
INV0386,Phone,Beauty,3,5908,COD,1/22/2024,Lahore,1
INV0387,Shirt,Home,3,25553,JazzCash,1/23/2024,Rawalpindi,0
INV0388,Phone,Electronics,1,9946,JazzCash,1/24/2024,Faisalabad,0
INV0389,Sofa,Home,1,1422,Card,1/25/2024,Karachi,0
INV0390,Phone,Electronics,3,33687,Easypaisa,1/26/2024,Faisalabad,0
INV0391,Cream,Beauty,3,11289,Easypaisa,1/27/2024,Rawalpindi,0
INV0392,Book,Beauty,4,32684,Card,1/28/2024,Lahore,1
INV0393,Sofa,Home,4,1620,Easypaisa,1/29/2024,Faisalabad,0
INV0394,Shirt,Clothing,3,44528,JazzCash,1/30/2024,Lahore,0
INV0395,Cream,Electronics,4,32654,JazzCash,1/31/2024,Islamabad,0
INV0396,Sofa,Home,4,17834,Card,2/1/2024,Rawalpindi,0
INV0397,Phone,Electronics,2,2836,Easypaisa,2/2/2024,Rawalpindi,0
INV0398,Sofa,Home,4,38641,Easypaisa,2/3/2024,Islamabad,0
INV0399,Book,Books,1,2743,Easypaisa,2/4/2024,Islamabad,0
INV0400,Book,Home,4,19529,Card,2/5/2024,Islamabad,1
INV0401,Shirt,Clothing,4,32765,Card,2/6/2024,Lahore,0
INV0402,Book,Clothing,3,37880,JazzCash,2/7/2024,Faisalabad,0
INV0403,Cream,Home,1,47214,COD,2/8/2024,Rawalpindi,0
INV0404,Shirt,Home,4,44372,COD,2/9/2024,Karachi,0
INV0405,Shirt,Books,4,46697,JazzCash,2/10/2024,Rawalpindi,0
INV0406,Shirt,Books,2,24210,JazzCash,2/11/2024,Lahore,0
INV0407,Sofa,Home,4,29986,Easypaisa,2/12/2024,Islamabad,0
INV0408,Cream,Electronics,4,6871,Card,2/13/2024,Lahore,0
INV0409,Shirt,Home,2,6859,COD,2/14/2024,Rawalpindi,0
INV0410,Shirt,Electronics,3,41131,COD,2/15/2024,Karachi,0
INV0411,Phone,Electronics,4,36496,Easypaisa,2/16/2024,Karachi,0
INV0412,Cream,Home,2,20603,Card,2/17/2024,Faisalabad,0
INV0413,Cream,Home,1,14882,Card,2/18/2024,Karachi,0
INV0414,Book,Clothing,3,19255,JazzCash,2/19/2024,Lahore,0
INV0415,Cream,Electronics,1,36159,Card,2/20/2024,Islamabad,0
INV0416,Cream,Home,1,4256,COD,2/21/2024,Rawalpindi,0
INV0417,Sofa,Home,2,21109,COD,2/22/2024,Faisalabad,0
INV0418,Shirt,Home,4,49038,COD,2/23/2024,Islamabad,0
INV0419,Book,Books,2,16978,Card,2/24/2024,Lahore,0
INV0420,Book,Electronics,2,35942,COD,2/25/2024,Karachi,0
INV0421,Book,Home,2,40166,COD,2/26/2024,Faisalabad,0
INV0422,Phone,Clothing,2,10647,Card,2/27/2024,Islamabad,0
INV0423,Book,Home,3,34061,Card,2/28/2024,Faisalabad,1
INV0424,Cream,Home,4,35384,Easypaisa,2/29/2024,Lahore,0
INV0425,Sofa,Clothing,1,6279,COD,3/1/2024,Lahore,0
INV0426,Phone,Home,1,12798,Card,3/2/2024,Islamabad,0
INV0427,Shirt,Electronics,4,14653,COD,3/3/2024,Islamabad,0
INV0428,Cream,Clothing,1,44379,JazzCash,3/4/2024,Rawalpindi,0
INV0429,Shirt,Books,4,11289,Card,3/5/2024,Rawalpindi,0
INV0430,Shirt,Beauty,1,44665,JazzCash,3/6/2024,Karachi,0
INV0431,Shirt,Books,2,13499,Easypaisa,3/7/2024,Karachi,0
INV0432,Book,Electronics,1,1314,COD,3/8/2024,Lahore,0
INV0433,Phone,Beauty,4,49997,JazzCash,3/9/2024,Lahore,0
INV0434,Book,Home,4,11041,Card,3/10/2024,Karachi,0
INV0435,Shirt,Books,4,25438,Card,3/11/2024,Rawalpindi,0
INV0436,Book,Electronics,4,2943,COD,3/12/2024,Faisalabad,0
INV0437,Phone,Books,4,10957,Easypaisa,3/13/2024,Karachi,0
INV0438,Cream,Clothing,3,10880,Card,3/14/2024,Lahore,0
INV0439,Phone,Beauty,3,8283,Card,3/15/2024,Faisalabad,0
INV0440,Cream,Electronics,1,44741,COD,3/16/2024,Islamabad,0
INV0441,Shirt,Beauty,4,17868,COD,3/17/2024,Faisalabad,0
INV0442,Shirt,Electronics,1,15828,COD,3/18/2024,Lahore,0
INV0443,Shirt,Electronics,4,26715,Easypaisa,3/19/2024,Faisalabad,0
INV0444,Phone,Clothing,4,34095,Easypaisa,3/20/2024,Lahore,0
INV0445,Sofa,Clothing,3,27806,COD,3/21/2024,Lahore,0
INV0446,Sofa,Beauty,3,20415,Card,3/22/2024,Rawalpindi,1
INV0447,Shirt,Clothing,2,40415,COD,3/23/2024,Karachi,0
INV0448,Cream,Electronics,3,37719,Card,3/24/2024,Rawalpindi,0
INV0449,Cream,Beauty,2,15843,COD,3/25/2024,Lahore,0
INV0450,Sofa,Books,2,46903,Card,3/26/2024,Islamabad,0
INV0451,Shirt,Home,2,39227,JazzCash,3/27/2024,Karachi,1
INV0452,Book,Electronics,2,626,JazzCash,3/28/2024,Faisalabad,0
INV0453,Cream,Clothing,2,28132,JazzCash,3/29/2024,Lahore,0
INV0454,Phone,Clothing,1,42063,Easypaisa,3/30/2024,Karachi,0
INV0455,Cream,Clothing,3,44909,Easypaisa,3/31/2024,Karachi,0
INV0456,Shirt,Beauty,2,21030,COD,4/1/2024,Karachi,0
INV0457,Phone,Electronics,4,40464,Card,4/2/2024,Karachi,0
INV0458,Shirt,Books,3,44827,JazzCash,4/3/2024,Lahore,0
INV0459,Sofa,Beauty,3,3868,Easypaisa,4/4/2024,Rawalpindi,0
INV0460,Phone,Beauty,2,4297,Card,4/5/2024,Karachi,1
INV0461,Cream,Clothing,1,48382,JazzCash,4/6/2024,Lahore,0
INV0462,Sofa,Electronics,2,14218,COD,4/7/2024,Islamabad,0
INV0463,Shirt,Beauty,1,35060,Easypaisa,4/8/2024,Islamabad,0
INV0464,Shirt,Beauty,4,11553,COD,4/9/2024,Lahore,1
INV0465,Shirt,Books,3,22616,COD,4/10/2024,Faisalabad,0
INV0466,Book,Books,4,36744,COD,4/11/2024,Karachi,0
INV0467,Shirt,Home,1,36685,COD,4/12/2024,Faisalabad,0
INV0468,Sofa,Books,1,2145,JazzCash,4/13/2024,Islamabad,0
INV0469,Sofa,Books,4,48023,COD,4/14/2024,Rawalpindi,0
INV0470,Sofa,Beauty,1,19756,JazzCash,4/15/2024,Karachi,0
INV0471,Phone,Electronics,4,36340,COD,4/16/2024,Faisalabad,0
INV0472,Book,Beauty,3,35122,COD,4/17/2024,Karachi,0
INV0473,Shirt,Electronics,4,37930,JazzCash,4/18/2024,Rawalpindi,1
INV0474,Phone,Beauty,3,39782,JazzCash,4/19/2024,Karachi,0
INV0475,Phone,Clothing,4,3208,Card,4/20/2024,Islamabad,0
INV0476,Shirt,Beauty,1,12194,COD,4/21/2024,Karachi,0
INV0477,Book,Home,4,10024,Card,4/22/2024,Lahore,0
INV0478,Book,Beauty,1,32380,COD,4/23/2024,Lahore,0
INV0479,Book,Clothing,4,39724,Card,4/24/2024,Karachi,0
INV0480,Shirt,Books,4,37480,COD,4/25/2024,Lahore,0
INV0481,Shirt,Books,2,32909,COD,4/26/2024,Karachi,0
INV0482,Book,Home,1,13724,JazzCash,4/27/2024,Islamabad,0
INV0483,Cream,Beauty,2,41238,COD,4/28/2024,Lahore,0
INV0484,Shirt,Beauty,1,25650,JazzCash,4/29/2024,Lahore,0
INV0485,Shirt,Home,2,34893,JazzCash,4/30/2024,Karachi,0
INV0486,Sofa,Electronics,3,43582,Card,5/1/2024,Rawalpindi,0
INV0487,Sofa,Beauty,4,8473,Easypaisa,5/2/2024,Islamabad,1
INV0488,Book,Beauty,1,9077,Card,5/3/2024,Faisalabad,1
INV0489,Cream,Beauty,1,8570,Easypaisa,5/4/2024,Rawalpindi,0
INV0490,Shirt,Books,4,9166,Card,5/5/2024,Rawalpindi,0
INV0491,Cream,Home,1,36868,JazzCash,5/6/2024,Lahore,0
INV0492,Book,Home,1,7283,COD,5/7/2024,Lahore,0
INV0493,Phone,Beauty,2,46494,Card,5/8/2024,Rawalpindi,0
INV0494,Sofa,Beauty,1,42414,Card,5/9/2024,Islamabad,0
INV0495,Phone,Home,3,5471,Card,5/10/2024,Faisalabad,0
INV0496,Sofa,Clothing,3,13990,Card,5/11/2024,Lahore,0
INV0497,Phone,Electronics,4,46219,COD,5/12/2024,Islamabad,0
INV0498,Sofa,Home,1,45580,COD,5/13/2024,Lahore,0
INV0499,Book,Clothing,4,2490,Easypaisa,5/14/2024,Karachi,0
INV0500,Cream,Books,3,5799,JazzCash,5/15/2024,Rawalpindi,0
INV0501,Book,Books,1,46265,Easypaisa,5/16/2024,Karachi,0
INV0502,Shirt,Beauty,1,20456,JazzCash,5/17/2024,Lahore,0
INV0503,Cream,Electronics,4,22859,Card,5/18/2024,Islamabad,0
INV0504,Cream,Electronics,3,46740,Card,5/19/2024,Faisalabad,0
INV0505,Book,Electronics,1,37648,COD,5/20/2024,Karachi,0
INV0506,Phone,Electronics,4,29234,JazzCash,5/21/2024,Rawalpindi,0
INV0507,Shirt,Books,3,5257,JazzCash,5/22/2024,Islamabad,0
INV0508,Phone,Books,4,19597,JazzCash,5/23/2024,Lahore,1
INV0509,Phone,Clothing,2,10895,COD,5/24/2024,Rawalpindi,0
INV0510,Book,Beauty,1,16741,Easypaisa,5/25/2024,Karachi,1
INV0511,Book,Home,2,38856,Card,5/26/2024,Rawalpindi,0
INV0512,Cream,Beauty,3,28196,Easypaisa,5/27/2024,Islamabad,0
INV0513,Phone,Electronics,2,5444,COD,5/28/2024,Islamabad,0
INV0514,Sofa,Home,2,46663,Card,5/29/2024,Islamabad,0
INV0515,Sofa,Home,3,20316,JazzCash,5/30/2024,Lahore,0
INV0516,Phone,Clothing,4,37511,Card,5/31/2024,Karachi,1
INV0517,Book,Home,2,25417,Easypaisa,6/1/2024,Rawalpindi,0
INV0518,Phone,Beauty,4,31695,COD,6/2/2024,Islamabad,0
INV0519,Sofa,Books,2,22066,JazzCash,6/3/2024,Karachi,1
INV0520,Phone,Clothing,4,10416,COD,6/4/2024,Faisalabad,0
INV0521,Phone,Beauty,3,21306,COD,6/5/2024,Karachi,0
INV0522,Cream,Beauty,2,10484,JazzCash,6/6/2024,Karachi,0
INV0523,Shirt,Books,3,2259,JazzCash,6/7/2024,Lahore,0
INV0524,Phone,Books,2,42449,Easypaisa,6/8/2024,Karachi,0
INV0525,Cream,Books,3,27338,JazzCash,6/9/2024,Islamabad,0
INV0526,Sofa,Home,3,2982,Easypaisa,6/10/2024,Rawalpindi,0
INV0527,Shirt,Beauty,2,24942,COD,6/11/2024,Rawalpindi,0
INV0528,Book,Books,2,34219,Card,6/12/2024,Karachi,0
INV0529,Sofa,Books,2,28465,Card,6/13/2024,Faisalabad,0
INV0530,Book,Books,1,2579,COD,6/14/2024,Rawalpindi,1
INV0531,Sofa,Clothing,4,3217,COD,6/15/2024,Lahore,1
INV0532,Book,Books,1,28452,COD,6/16/2024,Faisalabad,0
INV0533,Phone,Clothing,1,21408,COD,6/17/2024,Faisalabad,1
INV0534,Shirt,Books,3,42960,Card,6/18/2024,Karachi,0
INV0535,Cream,Beauty,2,25361,Easypaisa,6/19/2024,Karachi,0
INV0536,Book,Electronics,4,7811,Card,6/20/2024,Rawalpindi,0
INV0537,Book,Beauty,3,28571,Easypaisa,6/21/2024,Islamabad,0
INV0538,Cream,Beauty,1,24070,Card,6/22/2024,Islamabad,0
INV0539,Book,Beauty,2,18949,JazzCash,6/23/2024,Rawalpindi,0
INV0540,Shirt,Home,3,34036,Easypaisa,6/24/2024,Lahore,0
INV0541,Cream,Books,2,38758,JazzCash,6/25/2024,Rawalpindi,0
INV0542,Book,Home,3,48802,Easypaisa,6/26/2024,Islamabad,0
INV0543,Cream,Electronics,2,29365,JazzCash,6/27/2024,Rawalpindi,0
INV0544,Shirt,Books,1,7145,Easypaisa,6/28/2024,Islamabad,0
INV0545,Shirt,Home,4,38500,Easypaisa,6/29/2024,Rawalpindi,0
INV0546,Shirt,Beauty,1,27237,JazzCash,6/30/2024,Rawalpindi,0
INV0547,Phone,Books,4,11985,COD,7/1/2024,Islamabad,0
INV0548,Sofa,Books,2,39065,Easypaisa,7/2/2024,Islamabad,0
INV0549,Phone,Home,3,26022,Card,7/3/2024,Karachi,0
INV0550,Cream,Home,1,12842,Card,7/4/2024,Faisalabad,0
INV0551,Cream,Books,4,41306,Card,7/5/2024,Rawalpindi,0
INV0552,Sofa,Home,1,49270,Easypaisa,7/6/2024,Islamabad,0
INV0553,Book,Books,4,13587,Card,7/7/2024,Lahore,0
INV0554,Book,Electronics,1,38141,JazzCash,7/8/2024,Rawalpindi,0
INV0555,Cream,Home,4,34749,Card,7/9/2024,Rawalpindi,0
INV0556,Shirt,Beauty,4,10593,Easypaisa,7/10/2024,Faisalabad,0
INV0557,Cream,Electronics,2,47690,JazzCash,7/11/2024,Rawalpindi,0
INV0558,Book,Clothing,4,16938,JazzCash,7/12/2024,Karachi,0
INV0559,Phone,Books,2,40911,Card,7/13/2024,Lahore,0
INV0560,Sofa,Electronics,4,26899,JazzCash,7/14/2024,Lahore,0
INV0561,Phone,Home,3,20346,Card,7/15/2024,Karachi,0
INV0562,Sofa,Books,3,16208,JazzCash,7/16/2024,Faisalabad,0
INV0563,Phone,Home,3,44539,Easypaisa,7/17/2024,Faisalabad,0
INV0564,Book,Electronics,4,45868,Easypaisa,7/18/2024,Faisalabad,0
INV0565,Shirt,Clothing,2,11498,COD,7/19/2024,Faisalabad,0
INV0566,Book,Home,2,47563,COD,7/20/2024,Islamabad,0
INV0567,Shirt,Clothing,4,31178,Easypaisa,7/21/2024,Rawalpindi,0
INV0568,Sofa,Electronics,3,11182,JazzCash,7/22/2024,Lahore,0
INV0569,Shirt,Clothing,3,49648,Card,7/23/2024,Karachi,0
INV0570,Cream,Home,2,9019,JazzCash,7/24/2024,Faisalabad,1
INV0571,Cream,Electronics,3,31980,JazzCash,7/25/2024,Lahore,0
INV0572,Book,Beauty,1,20194,Easypaisa,7/26/2024,Islamabad,0
INV0573,Sofa,Home,2,3800,Card,7/27/2024,Faisalabad,0
INV0574,Sofa,Home,3,7222,Card,7/28/2024,Lahore,0
INV0575,Shirt,Beauty,2,40486,COD,7/29/2024,Rawalpindi,0
INV0576,Phone,Home,1,24660,COD,7/30/2024,Rawalpindi,0
INV0577,Book,Beauty,2,20559,COD,7/31/2024,Islamabad,0
INV0578,Book,Electronics,2,36322,Easypaisa,8/1/2024,Rawalpindi,0
INV0579,Shirt,Electronics,2,14075,Easypaisa,8/2/2024,Lahore,0
INV0580,Sofa,Electronics,2,8470,COD,8/3/2024,Lahore,0
INV0581,Book,Beauty,1,35411,Easypaisa,8/4/2024,Lahore,0
INV0582,Cream,Home,4,22091,JazzCash,8/5/2024,Karachi,0
INV0583,Cream,Books,2,32321,JazzCash,8/6/2024,Faisalabad,0
INV0584,Shirt,Electronics,2,10003,COD,8/7/2024,Islamabad,0
INV0585,Book,Beauty,3,48417,JazzCash,8/8/2024,Lahore,0
INV0586,Shirt,Beauty,2,19422,COD,8/9/2024,Faisalabad,0
INV0587,Shirt,Electronics,3,12675,Easypaisa,8/10/2024,Lahore,0
INV0588,Phone,Books,4,41624,Card,8/11/2024,Rawalpindi,0
INV0589,Book,Clothing,1,21889,Card,8/12/2024,Islamabad,0
INV0590,Phone,Books,1,48338,Card,8/13/2024,Karachi,0
INV0591,Sofa,Electronics,4,1322,Easypaisa,8/14/2024,Islamabad,0
INV0592,Shirt,Clothing,1,17827,Easypaisa,8/15/2024,Rawalpindi,1
INV0593,Book,Beauty,4,47557,JazzCash,8/16/2024,Islamabad,0
INV0594,Cream,Home,4,6650,Card,8/17/2024,Islamabad,0
INV0595,Book,Books,4,4925,Easypaisa,8/18/2024,Islamabad,0
INV0596,Shirt,Beauty,1,16532,Card,8/19/2024,Karachi,0
INV0597,Phone,Books,3,2698,Easypaisa,8/20/2024,Karachi,1
INV0598,Shirt,Clothing,4,20579,Easypaisa,8/21/2024,Islamabad,0
INV0599,Book,Books,2,36720,Card,8/22/2024,Faisalabad,1
INV0600,Sofa,Books,1,42374,JazzCash,8/23/2024,Karachi,0
INV0601,Phone,Books,4,14359,JazzCash,8/24/2024,Faisalabad,0
INV0602,Sofa,Books,4,31919,JazzCash,8/25/2024,Rawalpindi,0
INV0603,Book,Beauty,2,9205,Card,8/26/2024,Islamabad,1
INV0604,Cream,Clothing,3,43380,Card,8/27/2024,Faisalabad,0
INV0605,Shirt,Clothing,3,23736,JazzCash,8/28/2024,Rawalpindi,0
INV0606,Phone,Clothing,3,22919,COD,8/29/2024,Rawalpindi,0
INV0607,Shirt,Electronics,4,20478,Easypaisa,8/30/2024,Karachi,1
INV0608,Shirt,Books,4,38109,Card,8/31/2024,Islamabad,0
INV0609,Book,Books,4,15858,COD,9/1/2024,Faisalabad,0
INV0610,Sofa,Clothing,1,34677,Card,9/2/2024,Karachi,0
INV0611,Book,Electronics,2,29878,JazzCash,9/3/2024,Faisalabad,0
INV0612,Shirt,Beauty,4,37834,COD,9/4/2024,Rawalpindi,0
INV0613,Cream,Books,2,11882,Card,9/5/2024,Faisalabad,0
INV0614,Shirt,Beauty,2,15096,Card,9/6/2024,Lahore,0
INV0615,Cream,Electronics,3,34072,JazzCash,9/7/2024,Rawalpindi,1
INV0616,Book,Clothing,1,13721,COD,9/8/2024,Karachi,0
INV0617,Cream,Beauty,4,1779,JazzCash,9/9/2024,Faisalabad,1
INV0618,Sofa,Beauty,3,46460,JazzCash,9/10/2024,Karachi,0
INV0619,Phone,Home,3,7583,COD,9/11/2024,Faisalabad,1
INV0620,Shirt,Home,4,44361,Easypaisa,9/12/2024,Faisalabad,0
INV0621,Phone,Clothing,2,18271,Card,9/13/2024,Faisalabad,0
INV0622,Phone,Home,3,30475,JazzCash,9/14/2024,Karachi,0
INV0623,Cream,Clothing,2,46148,Easypaisa,9/15/2024,Rawalpindi,0
INV0624,Sofa,Home,1,48785,JazzCash,9/16/2024,Islamabad,0
INV0625,Book,Home,2,19563,Easypaisa,9/17/2024,Karachi,0
INV0626,Shirt,Books,1,2606,COD,9/18/2024,Islamabad,0
INV0627,Book,Home,2,25057,Card,9/19/2024,Islamabad,0
INV0628,Sofa,Beauty,3,49354,Easypaisa,9/20/2024,Rawalpindi,0
INV0629,Cream,Beauty,3,21107,JazzCash,9/21/2024,Karachi,0
INV0630,Shirt,Beauty,1,38099,Easypaisa,9/22/2024,Lahore,0
INV0631,Sofa,Electronics,4,29029,Card,9/23/2024,Rawalpindi,1
INV0632,Cream,Clothing,1,36454,Easypaisa,9/24/2024,Rawalpindi,1
INV0633,Shirt,Home,1,28356,JazzCash,9/25/2024,Rawalpindi,1
INV0634,Shirt,Beauty,2,3073,Card,9/26/2024,Lahore,0
INV0635,Sofa,Books,2,13308,Card,9/27/2024,Islamabad,0
INV0636,Phone,Electronics,1,35867,Easypaisa,9/28/2024,Islamabad,0
INV0637,Book,Clothing,3,37301,Easypaisa,9/29/2024,Lahore,0
INV0638,Cream,Electronics,2,41696,Easypaisa,9/30/2024,Faisalabad,0
INV0639,Cream,Electronics,4,34572,JazzCash,10/1/2024,Lahore,0
INV0640,Phone,Electronics,2,24252,Easypaisa,10/2/2024,Karachi,0
INV0641,Cream,Books,2,18185,JazzCash,10/3/2024,Islamabad,0
INV0642,Cream,Electronics,4,41901,JazzCash,10/4/2024,Faisalabad,0
INV0643,Phone,Home,1,11872,COD,10/5/2024,Faisalabad,1
INV0644,Shirt,Electronics,4,9496,Card,10/6/2024,Lahore,0
INV0645,Phone,Clothing,1,16958,JazzCash,10/7/2024,Rawalpindi,0
INV0646,Phone,Clothing,1,32389,Card,10/8/2024,Faisalabad,1
INV0647,Cream,Beauty,1,27165,JazzCash,10/9/2024,Rawalpindi,0
INV0648,Cream,Beauty,4,38743,JazzCash,10/10/2024,Karachi,0
INV0649,Shirt,Electronics,1,32153,Easypaisa,10/11/2024,Rawalpindi,0
INV0650,Phone,Electronics,3,27157,JazzCash,10/12/2024,Lahore,0
INV0651,Phone,Clothing,4,40452,COD,10/13/2024,Lahore,0
INV0652,Phone,Beauty,3,22680,Easypaisa,10/14/2024,Islamabad,1
INV0653,Book,Electronics,1,32396,JazzCash,10/15/2024,Lahore,0
INV0654,Cream,Electronics,2,13375,COD,10/16/2024,Islamabad,1
INV0655,Phone,Clothing,1,2122,Easypaisa,10/17/2024,Rawalpindi,0
INV0656,Sofa,Clothing,3,49256,JazzCash,10/18/2024,Islamabad,0
INV0657,Book,Clothing,3,41309,JazzCash,10/19/2024,Karachi,0
INV0658,Sofa,Home,4,17225,JazzCash,10/20/2024,Lahore,0
INV0659,Cream,Home,2,41260,COD,10/21/2024,Lahore,0
INV0660,Shirt,Home,4,16146,Card,10/22/2024,Islamabad,1
INV0661,Book,Books,3,17529,COD,10/23/2024,Rawalpindi,0
INV0662,Shirt,Beauty,1,29902,COD,10/24/2024,Karachi,0
INV0663,Cream,Electronics,2,4763,JazzCash,10/25/2024,Rawalpindi,0
INV0664,Book,Books,1,31487,COD,10/26/2024,Karachi,0
INV0665,Sofa,Beauty,1,47328,COD,10/27/2024,Lahore,0
INV0666,Book,Books,2,48424,Easypaisa,10/28/2024,Karachi,0
INV0667,Phone,Electronics,4,9146,Easypaisa,10/29/2024,Lahore,0
INV0668,Phone,Books,1,28029,Easypaisa,10/30/2024,Rawalpindi,0
INV0669,Cream,Electronics,3,12164,Easypaisa,10/31/2024,Islamabad,0
INV0670,Cream,Home,1,36237,JazzCash,11/1/2024,Lahore,0
INV0671,Book,Books,2,36296,COD,11/2/2024,Lahore,0
INV0672,Sofa,Home,2,24527,Easypaisa,11/3/2024,Lahore,0
INV0673,Sofa,Books,2,29873,COD,11/4/2024,Faisalabad,1
INV0674,Phone,Home,4,36897,COD,11/5/2024,Lahore,0
INV0675,Phone,Beauty,1,21109,Card,11/6/2024,Karachi,0
INV0676,Phone,Books,4,36335,Easypaisa,11/7/2024,Karachi,0
INV0677,Shirt,Clothing,4,39209,Easypaisa,11/8/2024,Islamabad,1
INV0678,Shirt,Beauty,2,19750,Card,11/9/2024,Islamabad,0
INV0679,Sofa,Electronics,2,21672,COD,11/10/2024,Lahore,0
INV0680,Phone,Clothing,4,12055,Card,11/11/2024,Lahore,1
INV0681,Phone,Home,1,22374,COD,11/12/2024,Lahore,0
INV0682,Sofa,Beauty,3,13581,COD,11/13/2024,Faisalabad,0
INV0683,Shirt,Clothing,4,24563,JazzCash,11/14/2024,Lahore,0
INV0684,Shirt,Home,1,7319,Easypaisa,11/15/2024,Islamabad,0
INV0685,Cream,Home,2,26212,COD,11/16/2024,Islamabad,1
INV0686,Book,Electronics,2,25262,COD,11/17/2024,Karachi,0
INV0687,Sofa,Clothing,1,11546,Easypaisa,11/18/2024,Faisalabad,0
INV0688,Sofa,Beauty,3,31963,Card,11/19/2024,Islamabad,0
INV0689,Sofa,Clothing,2,29269,COD,11/20/2024,Islamabad,0
INV0690,Cream,Clothing,2,23650,JazzCash,11/21/2024,Islamabad,0
INV0691,Shirt,Home,2,3211,COD,11/22/2024,Islamabad,0
INV0692,Sofa,Books,1,5353,Card,11/23/2024,Islamabad,0
INV0693,Cream,Home,4,29577,COD,11/24/2024,Lahore,0
INV0694,Cream,Clothing,2,24363,Easypaisa,11/25/2024,Faisalabad,0
INV0695,Sofa,Books,4,22292,Easypaisa,11/26/2024,Karachi,0
INV0696,Cream,Books,3,40983,JazzCash,11/27/2024,Islamabad,0
INV0697,Cream,Home,2,9442,JazzCash,11/28/2024,Karachi,0
INV0698,Shirt,Clothing,2,48775,COD,11/29/2024,Rawalpindi,1
INV0699,Sofa,Home,3,49094,JazzCash,11/30/2024,Karachi,0
INV0700,Shirt,Beauty,2,2262,JazzCash,12/1/2024,Lahore,0
INV0701,Shirt,Books,4,32487,JazzCash,12/2/2024,Islamabad,0
INV0702,Phone,Beauty,1,16350,Card,12/3/2024,Faisalabad,0
INV0703,Book,Home,4,12612,COD,12/4/2024,Faisalabad,0
INV0704,Cream,Beauty,1,24558,JazzCash,12/5/2024,Islamabad,0
INV0705,Sofa,Beauty,1,45920,JazzCash,12/6/2024,Lahore,0
INV0706,Sofa,Home,4,39390,Card,12/7/2024,Karachi,0
INV0707,Phone,Home,4,981,Card,12/8/2024,Islamabad,0
INV0708,Phone,Books,4,47804,Easypaisa,12/9/2024,Faisalabad,0
INV0709,Book,Clothing,4,33421,COD,12/10/2024,Lahore,0
INV0710,Cream,Books,3,40885,JazzCash,12/11/2024,Karachi,1
INV0711,Sofa,Electronics,2,2024,COD,12/12/2024,Rawalpindi,0
INV0712,Shirt,Home,1,35388,Easypaisa,12/13/2024,Rawalpindi,0
INV0713,Shirt,Electronics,4,15548,Easypaisa,12/14/2024,Islamabad,0
INV0714,Shirt,Books,4,35611,JazzCash,12/15/2024,Lahore,0
INV0715,Shirt,Books,4,38404,Card,12/16/2024,Rawalpindi,0
INV0716,Shirt,Home,3,34508,Easypaisa,12/17/2024,Rawalpindi,1
INV0717,Cream,Books,4,560,JazzCash,12/18/2024,Rawalpindi,0
INV0718,Phone,Home,4,9630,JazzCash,12/19/2024,Faisalabad,0
INV0719,Book,Books,4,18523,JazzCash,12/20/2024,Karachi,1
INV0720,Sofa,Beauty,2,45580,COD,12/21/2024,Rawalpindi,0
INV0721,Phone,Books,3,13850,Card,12/22/2024,Lahore,0
INV0722,Shirt,Clothing,4,24854,Card,12/23/2024,Islamabad,0
INV0723,Book,Electronics,1,45686,JazzCash,12/24/2024,Lahore,0
INV0724,Phone,Books,1,28645,JazzCash,12/25/2024,Faisalabad,0
INV0725,Sofa,Books,1,34520,JazzCash,12/26/2024,Karachi,0
INV0726,Phone,Home,3,21087,COD,12/27/2024,Rawalpindi,0
INV0727,Shirt,Electronics,3,41631,Card,12/28/2024,Islamabad,0
INV0728,Sofa,Beauty,1,10150,Card,12/29/2024,Faisalabad,0
INV0729,Shirt,Books,4,20433,COD,12/30/2024,Lahore,0
INV0730,Shirt,Electronics,3,21081,COD,12/31/2024,Faisalabad,0
INV0731,Phone,Electronics,1,23893,Card,1/1/2025,Lahore,0
INV0732,Sofa,Electronics,1,23551,JazzCash,1/2/2025,Karachi,0
INV0733,Book,Clothing,4,26712,JazzCash,1/3/2025,Faisalabad,0
INV0734,Phone,Books,2,49582,COD,1/4/2025,Faisalabad,0
INV0735,Shirt,Beauty,3,4590,COD,1/5/2025,Faisalabad,0
INV0736,Cream,Books,4,7460,Easypaisa,1/6/2025,Lahore,0
INV0737,Cream,Books,1,36272,Card,1/7/2025,Islamabad,0
INV0738,Phone,Electronics,1,22020,Easypaisa,1/8/2025,Faisalabad,0
INV0739,Shirt,Electronics,4,49981,Card,1/9/2025,Rawalpindi,0
INV0740,Sofa,Home,3,36908,COD,1/10/2025,Islamabad,0
INV0741,Book,Electronics,2,28970,Card,1/11/2025,Lahore,0
INV0742,Cream,Beauty,2,20991,Easypaisa,1/12/2025,Karachi,0
INV0743,Shirt,Clothing,1,1841,Easypaisa,1/13/2025,Islamabad,0
INV0744,Book,Electronics,3,45123,Easypaisa,1/14/2025,Faisalabad,0
INV0745,Cream,Electronics,2,25291,Card,1/15/2025,Faisalabad,0
INV0746,Shirt,Clothing,3,838,JazzCash,1/16/2025,Lahore,0
INV0747,Sofa,Beauty,3,6395,Easypaisa,1/17/2025,Karachi,0
INV0748,Phone,Clothing,1,12754,JazzCash,1/18/2025,Karachi,0
INV0749,Sofa,Clothing,2,11844,JazzCash,1/19/2025,Faisalabad,0
INV0750,Shirt,Home,4,2250,COD,1/20/2025,Rawalpindi,0
INV0751,Cream,Electronics,1,2921,COD,1/21/2025,Lahore,0
INV0752,Book,Electronics,2,40387,Easypaisa,1/22/2025,Rawalpindi,0
INV0753,Sofa,Beauty,2,5819,Card,1/23/2025,Lahore,0
INV0754,Phone,Books,2,16396,Card,1/24/2025,Islamabad,1
INV0755,Book,Clothing,2,12418,JazzCash,1/25/2025,Islamabad,0
INV0756,Sofa,Electronics,2,25564,COD,1/26/2025,Faisalabad,0
INV0757,Shirt,Clothing,3,47117,COD,1/27/2025,Lahore,0
INV0758,Cream,Beauty,1,28435,Card,1/28/2025,Islamabad,0
INV0759,Shirt,Books,3,38141,JazzCash,1/29/2025,Faisalabad,0
INV0760,Book,Home,4,30211,Card,1/30/2025,Faisalabad,0
INV0761,Sofa,Electronics,2,5306,Easypaisa,1/31/2025,Islamabad,0
INV0762,Phone,Clothing,1,41860,Easypaisa,2/1/2025,Islamabad,0
INV0763,Sofa,Electronics,2,12682,Card,2/2/2025,Islamabad,0
INV0764,Book,Electronics,1,22797,Easypaisa,2/3/2025,Faisalabad,0
INV0765,Cream,Clothing,3,20041,JazzCash,2/4/2025,Faisalabad,0
INV0766,Book,Books,1,29421,Card,2/5/2025,Islamabad,0
INV0767,Sofa,Electronics,4,17274,Card,2/6/2025,Karachi,0
INV0768,Book,Electronics,4,45313,Easypaisa,2/7/2025,Lahore,0
INV0769,Shirt,Home,1,37698,Card,2/8/2025,Islamabad,0
INV0770,Cream,Books,1,9320,JazzCash,2/9/2025,Karachi,1
INV0771,Sofa,Clothing,1,24570,Easypaisa,2/10/2025,Islamabad,0
INV0772,Sofa,Home,1,4732,JazzCash,2/11/2025,Karachi,0
INV0773,Cream,Electronics,4,11622,JazzCash,2/12/2025,Faisalabad,0
INV0774,Sofa,Beauty,2,15523,JazzCash,2/13/2025,Faisalabad,0
INV0775,Shirt,Books,1,8507,Card,2/14/2025,Islamabad,0
INV0776,Phone,Electronics,1,18405,COD,2/15/2025,Lahore,0
INV0777,Sofa,Electronics,4,42286,Easypaisa,2/16/2025,Islamabad,0
INV0778,Shirt,Electronics,4,29898,COD,2/17/2025,Rawalpindi,0
INV0779,Cream,Beauty,3,34768,COD,2/18/2025,Faisalabad,0
INV0780,Cream,Clothing,1,7237,Card,2/19/2025,Lahore,0
INV0781,Sofa,Electronics,3,36562,JazzCash,2/20/2025,Lahore,0
INV0782,Phone,Home,4,26010,COD,2/21/2025,Islamabad,0
INV0783,Cream,Books,4,19926,COD,2/22/2025,Faisalabad,0
INV0784,Cream,Clothing,2,37765,COD,2/23/2025,Karachi,0
INV0785,Shirt,Books,1,18350,COD,2/24/2025,Lahore,0
INV0786,Phone,Books,3,1114,COD,2/25/2025,Lahore,0
INV0787,Phone,Home,4,22276,Easypaisa,2/26/2025,Faisalabad,0
INV0788,Cream,Beauty,4,24577,Easypaisa,2/27/2025,Lahore,0
INV0789,Shirt,Beauty,3,9874,Easypaisa,2/28/2025,Rawalpindi,1
INV0790,Sofa,Beauty,2,35935,JazzCash,3/1/2025,Karachi,0
INV0791,Book,Beauty,4,31407,JazzCash,3/2/2025,Lahore,0
INV0792,Cream,Beauty,1,13909,JazzCash,3/3/2025,Lahore,1
INV0793,Phone,Clothing,4,17014,Card,3/4/2025,Lahore,0
INV0794,Phone,Home,1,30366,JazzCash,3/5/2025,Lahore,0
INV0795,Sofa,Electronics,3,3483,JazzCash,3/6/2025,Islamabad,1
INV0796,Cream,Home,1,32205,Card,3/7/2025,Karachi,0
INV0797,Cream,Clothing,3,21162,COD,3/8/2025,Rawalpindi,0
INV0798,Sofa,Beauty,1,24010,COD,3/9/2025,Faisalabad,0
INV0799,Shirt,Electronics,3,13151,Easypaisa,3/10/2025,Lahore,0
INV0800,Cream,Clothing,1,41498,JazzCash,3/11/2025,Rawalpindi,0
INV0801,Book,Electronics,2,29035,Card,3/12/2025,Faisalabad,1
INV0802,Cream,Electronics,1,7140,JazzCash,3/13/2025,Karachi,0
INV0803,Book,Books,1,45047,JazzCash,3/14/2025,Rawalpindi,0
INV0804,Shirt,Home,2,15817,Easypaisa,3/15/2025,Karachi,1
INV0805,Phone,Beauty,4,8064,Easypaisa,3/16/2025,Islamabad,0
INV0806,Cream,Clothing,4,27845,Easypaisa,3/17/2025,Karachi,0
INV0807,Phone,Books,1,48788,Easypaisa,3/18/2025,Islamabad,0
INV0808,Book,Clothing,2,29187,Card,3/19/2025,Rawalpindi,0
INV0809,Shirt,Electronics,1,14237,Card,3/20/2025,Karachi,0
INV0810,Cream,Books,3,9823,COD,3/21/2025,Karachi,1
INV0811,Phone,Books,3,15729,COD,3/22/2025,Islamabad,0
INV0812,Shirt,Electronics,1,44981,JazzCash,3/23/2025,Islamabad,0
INV0813,Shirt,Beauty,4,9002,Easypaisa,3/24/2025,Faisalabad,0
INV0814,Cream,Home,4,1045,JazzCash,3/25/2025,Lahore,1
INV0815,Phone,Clothing,1,37614,COD,3/26/2025,Islamabad,1
INV0816,Shirt,Clothing,1,29930,Card,3/27/2025,Lahore,0
INV0817,Book,Home,3,10496,COD,3/28/2025,Lahore,0
INV0818,Shirt,Books,4,28288,Card,3/29/2025,Rawalpindi,0
INV0819,Book,Home,1,30469,Card,3/30/2025,Islamabad,0
INV0820,Book,Home,3,49043,Easypaisa,3/31/2025,Islamabad,0
INV0821,Book,Clothing,4,14419,COD,4/1/2025,Faisalabad,0
INV0822,Cream,Electronics,2,4310,Easypaisa,4/2/2025,Lahore,1
INV0823,Phone,Electronics,3,31086,COD,4/3/2025,Faisalabad,0
INV0824,Cream,Books,4,40474,JazzCash,4/4/2025,Rawalpindi,0
INV0825,Shirt,Clothing,4,42273,Card,4/5/2025,Faisalabad,0
INV0826,Cream,Electronics,3,16871,Easypaisa,4/6/2025,Islamabad,0
INV0827,Shirt,Electronics,2,45584,Card,4/7/2025,Karachi,0
INV0828,Phone,Beauty,3,30129,JazzCash,4/8/2025,Lahore,0
INV0829,Phone,Beauty,4,8936,Card,4/9/2025,Rawalpindi,0
INV0830,Phone,Beauty,1,13484,Card,4/10/2025,Lahore,0
INV0831,Sofa,Electronics,1,33539,COD,4/11/2025,Lahore,1
INV0832,Cream,Books,3,20395,Card,4/12/2025,Rawalpindi,0
INV0833,Cream,Clothing,4,18655,Easypaisa,4/13/2025,Karachi,0
INV0834,Book,Electronics,1,11116,Easypaisa,4/14/2025,Karachi,0
INV0835,Book,Clothing,4,37629,COD,4/15/2025,Faisalabad,0
INV0836,Book,Beauty,3,40337,Easypaisa,4/16/2025,Faisalabad,0
INV0837,Shirt,Books,1,25074,Easypaisa,4/17/2025,Lahore,1
INV0838,Sofa,Beauty,4,3930,JazzCash,4/18/2025,Rawalpindi,0
INV0839,Book,Books,1,13176,COD,4/19/2025,Islamabad,0
INV0840,Phone,Home,3,11316,Card,4/20/2025,Rawalpindi,0
INV0841,Book,Clothing,4,33233,COD,4/21/2025,Rawalpindi,0
INV0842,Sofa,Electronics,1,20644,JazzCash,4/22/2025,Lahore,0
INV0843,Shirt,Books,3,2550,Easypaisa,4/23/2025,Karachi,0
INV0844,Shirt,Beauty,1,44960,Card,4/24/2025,Islamabad,0
INV0845,Sofa,Home,1,34433,Card,4/25/2025,Lahore,0
INV0846,Cream,Electronics,2,25451,JazzCash,4/26/2025,Karachi,0
INV0847,Phone,Books,2,32913,COD,4/27/2025,Karachi,0
INV0848,Book,Beauty,3,35301,Easypaisa,4/28/2025,Rawalpindi,0
INV0849,Shirt,Electronics,2,33413,COD,4/29/2025,Faisalabad,1
INV0850,Shirt,Clothing,3,47537,COD,4/30/2025,Faisalabad,0
INV0851,Cream,Electronics,2,41100,Easypaisa,5/1/2025,Faisalabad,0
INV0852,Book,Books,1,25780,JazzCash,5/2/2025,Karachi,0
INV0853,Cream,Home,3,25057,JazzCash,5/3/2025,Karachi,0
INV0854,Shirt,Electronics,3,47554,JazzCash,5/4/2025,Lahore,0
INV0855,Phone,Clothing,1,35900,COD,5/5/2025,Lahore,1
INV0856,Sofa,Electronics,3,4994,COD,5/6/2025,Lahore,0
INV0857,Phone,Home,3,15652,COD,5/7/2025,Faisalabad,0
INV0858,Sofa,Clothing,2,24395,JazzCash,5/8/2025,Islamabad,0
INV0859,Book,Electronics,3,9655,JazzCash,5/9/2025,Islamabad,0
INV0860,Cream,Electronics,4,32383,JazzCash,5/10/2025,Faisalabad,0
INV0861,Phone,Electronics,1,43694,Card,5/11/2025,Faisalabad,1
INV0862,Book,Beauty,2,43501,Easypaisa,5/12/2025,Lahore,1
INV0863,Cream,Home,2,2328,JazzCash,5/13/2025,Lahore,0
INV0864,Shirt,Books,4,45528,JazzCash,5/14/2025,Lahore,0
INV0865,Cream,Clothing,1,42398,COD,5/15/2025,Faisalabad,0
INV0866,Book,Home,1,32623,COD,5/16/2025,Lahore,0
INV0867,Cream,Books,2,38073,COD,5/17/2025,Faisalabad,0
INV0868,Shirt,Electronics,3,1306,JazzCash,5/18/2025,Karachi,0
INV0869,Book,Electronics,2,41470,JazzCash,5/19/2025,Karachi,0
INV0870,Cream,Beauty,1,30257,COD,5/20/2025,Faisalabad,1
INV0871,Sofa,Electronics,4,35136,Easypaisa,5/21/2025,Islamabad,0
INV0872,Shirt,Clothing,2,15061,Easypaisa,5/22/2025,Faisalabad,0
INV0873,Book,Beauty,1,48780,Card,5/23/2025,Rawalpindi,0
INV0874,Book,Books,2,24762,Easypaisa,5/24/2025,Lahore,0
INV0875,Shirt,Clothing,3,15399,COD,5/25/2025,Karachi,0
INV0876,Cream,Clothing,2,49488,COD,5/26/2025,Karachi,0
INV0877,Sofa,Home,2,16434,Card,5/27/2025,Faisalabad,0
INV0878,Sofa,Electronics,1,38697,Card,5/28/2025,Faisalabad,0
INV0879,Sofa,Books,1,42344,Card,5/29/2025,Faisalabad,0
INV0880,Shirt,Beauty,1,36832,COD,5/30/2025,Lahore,0
INV0881,Sofa,Books,2,34657,COD,5/31/2025,Karachi,0
INV0882,Book,Beauty,3,12093,JazzCash,6/1/2025,Lahore,0
INV0883,Cream,Electronics,4,40542,Easypaisa,6/2/2025,Karachi,0
INV0884,Shirt,Clothing,4,17820,Card,6/3/2025,Faisalabad,1
INV0885,Phone,Books,1,27876,JazzCash,6/4/2025,Lahore,0
INV0886,Shirt,Clothing,1,44013,JazzCash,6/5/2025,Rawalpindi,0
INV0887,Shirt,Clothing,2,14699,Easypaisa,6/6/2025,Islamabad,0
INV0888,Cream,Beauty,4,16376,COD,6/7/2025,Karachi,0
INV0889,Shirt,Beauty,1,8745,Easypaisa,6/8/2025,Lahore,0
INV0890,Cream,Home,3,7714,JazzCash,6/9/2025,Faisalabad,0
INV0891,Sofa,Home,3,1226,Easypaisa,6/10/2025,Islamabad,1
INV0892,Book,Beauty,1,47100,COD,6/11/2025,Faisalabad,0
INV0893,Sofa,Books,1,11862,JazzCash,6/12/2025,Lahore,0
INV0894,Shirt,Electronics,4,18797,COD,6/13/2025,Karachi,0
INV0895,Sofa,Home,4,30948,JazzCash,6/14/2025,Karachi,1
INV0896,Sofa,Home,2,26672,Card,6/15/2025,Rawalpindi,0
INV0897,Sofa,Clothing,4,43374,JazzCash,6/16/2025,Faisalabad,0
INV0898,Shirt,Books,3,8157,Easypaisa,6/17/2025,Karachi,0
INV0899,Book,Beauty,3,19350,Easypaisa,6/18/2025,Faisalabad,0
INV0900,Sofa,Home,1,25925,Card,6/19/2025,Rawalpindi,0
INV0901,Sofa,Beauty,4,27185,Card,6/20/2025,Rawalpindi,0
INV0902,Book,Books,2,47819,COD,6/21/2025,Faisalabad,0
INV0903,Cream,Home,3,25078,Card,6/22/2025,Faisalabad,0
INV0904,Shirt,Beauty,3,29331,COD,6/23/2025,Faisalabad,1
INV0905,Shirt,Beauty,2,8406,Easypaisa,6/24/2025,Rawalpindi,0
INV0906,Sofa,Books,2,7787,COD,6/25/2025,Lahore,0
INV0907,Sofa,Electronics,3,34160,Easypaisa,6/26/2025,Lahore,0
INV0908,Shirt,Clothing,3,10722,COD,6/27/2025,Karachi,0
INV0909,Phone,Home,2,37943,Easypaisa,6/28/2025,Rawalpindi,0
INV0910,Cream,Books,3,35201,COD,6/29/2025,Karachi,0
INV0911,Shirt,Electronics,1,18264,COD,6/30/2025,Karachi,0
INV0912,Shirt,Home,1,45141,COD,7/1/2025,Lahore,0
INV0913,Shirt,Beauty,2,18174,Easypaisa,7/2/2025,Islamabad,0
INV0914,Shirt,Clothing,4,18524,Easypaisa,7/3/2025,Rawalpindi,0
INV0915,Shirt,Home,2,46507,JazzCash,7/4/2025,Faisalabad,0
INV0916,Shirt,Home,2,24374,Card,7/5/2025,Karachi,0
INV0917,Phone,Clothing,4,44142,Easypaisa,7/6/2025,Lahore,0
INV0918,Sofa,Books,4,32784,Card,7/7/2025,Rawalpindi,0
INV0919,Cream,Electronics,4,18102,Card,7/8/2025,Faisalabad,0
INV0920,Shirt,Beauty,1,38284,Card,7/9/2025,Rawalpindi,0
INV0921,Sofa,Electronics,3,23765,JazzCash,7/10/2025,Rawalpindi,0
INV0922,Shirt,Beauty,1,26431,Easypaisa,7/11/2025,Rawalpindi,0
INV0923,Cream,Home,3,29341,Easypaisa,7/12/2025,Rawalpindi,0
INV0924,Book,Clothing,1,29692,JazzCash,7/13/2025,Islamabad,0
INV0925,Phone,Clothing,3,47042,JazzCash,7/14/2025,Lahore,0
INV0926,Sofa,Electronics,1,43020,COD,7/15/2025,Lahore,0
INV0927,Shirt,Home,4,16085,COD,7/16/2025,Faisalabad,0
INV0928,Phone,Beauty,2,26059,Card,7/17/2025,Lahore,1
INV0929,Shirt,Electronics,1,40559,Easypaisa,7/18/2025,Faisalabad,0
INV0930,Book,Books,3,34242,Card,7/19/2025,Islamabad,0
INV0931,Phone,Home,4,4633,JazzCash,7/20/2025,Karachi,0
INV0932,Sofa,Beauty,1,15163,Card,7/21/2025,Islamabad,0
INV0933,Book,Beauty,1,22254,Card,7/22/2025,Karachi,0
INV0934,Phone,Clothing,4,4472,JazzCash,7/23/2025,Karachi,0
INV0935,Cream,Clothing,1,5795,JazzCash,7/24/2025,Faisalabad,1
INV0936,Shirt,Electronics,2,47181,JazzCash,7/25/2025,Karachi,0
INV0937,Cream,Books,1,42373,Easypaisa,7/26/2025,Rawalpindi,0
INV0938,Book,Electronics,2,29625,COD,7/27/2025,Karachi,0
INV0939,Book,Home,2,41496,Card,7/28/2025,Karachi,0
INV0940,Book,Beauty,4,10403,Easypaisa,7/29/2025,Rawalpindi,0
INV0941,Sofa,Beauty,1,3520,Easypaisa,7/30/2025,Karachi,0
INV0942,Sofa,Home,4,42255,COD,7/31/2025,Karachi,0
INV0943,Sofa,Home,1,20920,Card,8/1/2025,Faisalabad,0
INV0944,Book,Electronics,1,21952,JazzCash,8/2/2025,Faisalabad,0
INV0945,Sofa,Clothing,3,46148,Card,8/3/2025,Faisalabad,1
INV0946,Phone,Home,1,38501,Easypaisa,8/4/2025,Lahore,1
INV0947,Book,Books,4,10016,Card,8/5/2025,Faisalabad,0
INV0948,Phone,Home,2,47827,COD,8/6/2025,Lahore,0
INV0949,Phone,Home,1,49969,JazzCash,8/7/2025,Lahore,0
INV0950,Cream,Electronics,3,2896,Card,8/8/2025,Rawalpindi,1
INV0951,Cream,Beauty,4,19046,Easypaisa,8/9/2025,Faisalabad,0
INV0952,Cream,Beauty,1,19629,Easypaisa,8/10/2025,Faisalabad,0
INV0953,Phone,Books,4,2091,Card,8/11/2025,Islamabad,0
INV0954,Cream,Electronics,3,11803,Easypaisa,8/12/2025,Faisalabad,0
INV0955,Shirt,Books,3,31061,Easypaisa,8/13/2025,Lahore,1
INV0956,Book,Beauty,4,6683,Card,8/14/2025,Karachi,1
INV0957,Book,Books,1,27072,Card,8/15/2025,Lahore,0
INV0958,Cream,Books,2,34580,Easypaisa,8/16/2025,Karachi,0
INV0959,Cream,Clothing,3,21195,COD,8/17/2025,Karachi,0
INV0960,Book,Beauty,1,7814,Easypaisa,8/18/2025,Islamabad,0
INV0961,Shirt,Electronics,1,20123,JazzCash,8/19/2025,Faisalabad,0
INV0962,Shirt,Beauty,2,2639,Easypaisa,8/20/2025,Faisalabad,0
INV0963,Book,Home,3,47956,Card,8/21/2025,Rawalpindi,0
INV0964,Cream,Beauty,3,31790,Easypaisa,8/22/2025,Lahore,0
INV0965,Cream,Books,1,18588,JazzCash,8/23/2025,Rawalpindi,1
INV0966,Sofa,Beauty,1,40192,COD,8/24/2025,Lahore,0
INV0967,Phone,Clothing,2,33630,Easypaisa,8/25/2025,Islamabad,0
INV0968,Shirt,Clothing,2,32588,Easypaisa,8/26/2025,Karachi,1
INV0969,Cream,Home,3,26792,JazzCash,8/27/2025,Karachi,0
INV0970,Phone,Books,4,46749,Card,8/28/2025,Karachi,0
INV0971,Book,Electronics,3,21170,Easypaisa,8/29/2025,Rawalpindi,1
INV0972,Sofa,Beauty,1,4238,JazzCash,8/30/2025,Rawalpindi,1
INV0973,Cream,Beauty,3,2969,JazzCash,8/31/2025,Karachi,0
INV0974,Cream,Beauty,4,23034,JazzCash,9/1/2025,Islamabad,0
INV0975,Sofa,Electronics,2,49374,JazzCash,9/2/2025,Faisalabad,0
INV0976,Cream,Home,4,9517,JazzCash,9/3/2025,Karachi,0
INV0977,Phone,Clothing,4,3308,COD,9/4/2025,Karachi,1
INV0978,Phone,Beauty,4,49638,Easypaisa,9/5/2025,Karachi,0
INV0979,Phone,Books,2,48138,Card,9/6/2025,Rawalpindi,0
INV0980,Phone,Beauty,4,13213,COD,9/7/2025,Faisalabad,0
INV0981,Sofa,Beauty,4,40829,COD,9/8/2025,Karachi,0
INV0982,Sofa,Home,4,3219,Easypaisa,9/9/2025,Islamabad,0
INV0983,Sofa,Beauty,1,23390,JazzCash,9/10/2025,Islamabad,0
INV0984,Phone,Books,4,12200,Card,9/11/2025,Lahore,1
INV0985,Phone,Beauty,2,37009,Card,9/12/2025,Islamabad,0
INV0986,Sofa,Books,4,43034,JazzCash,9/13/2025,Lahore,0
INV0987,Book,Electronics,4,37266,Easypaisa,9/14/2025,Rawalpindi,0
INV0988,Sofa,Clothing,2,27205,JazzCash,9/15/2025,Faisalabad,0
INV0989,Shirt,Clothing,4,19287,Easypaisa,9/16/2025,Islamabad,0
INV0990,Book,Beauty,2,49345,JazzCash,9/17/2025,Islamabad,0
INV0991,Book,Electronics,4,27088,Card,9/18/2025,Lahore,0
INV0992,Shirt,Clothing,2,26623,Card,9/19/2025,Islamabad,0
INV0993,Sofa,Clothing,4,33562,Card,9/20/2025,Karachi,0
INV0994,Shirt,Books,4,10677,Easypaisa,9/21/2025,Lahore,0
INV0995,Sofa,Home,1,22227,JazzCash,9/22/2025,Karachi,0
INV0996,Shirt,Books,1,30720,COD,9/23/2025,Lahore,0
INV0997,Book,Books,4,10382,Easypaisa,9/24/2025,Lahore,0
INV0998,Phone,Home,4,1636,COD,9/25/2025,Islamabad,0
INV0999,Shirt,Electronics,3,35332,Card,9/26/2025,Islamabad,0
